<!--
 * ***** BEGIN LICENSE BLOCK *****
 * Zimbra Collaboration Suite Zimlets
 * Copyright (C) 2006, 2007, 2008, 2009, 2010, 2013, 2014, 2016 Synacor, Inc.
 *
 * The contents of this file are subject to the Common Public Attribution License Version 1.0 (the "License");
 * you may not use this file except in compliance with the License.
 * You may obtain a copy of the License at: https://www.zimbra.com/license
 * The License is based on the Mozilla Public License Version 1.1 but Sections 14 and 15
 * have been added to cover use of software over a computer network and provide for limited attribution
 * for the Original Developer. In addition, Exhibit A has been modified to be consistent with Exhibit B.
 *
 * Software distributed under the License is distributed on an "AS IS" basis,
 * WITHOUT WARRANTY OF ANY KIND, either express or implied.
 * See the License for the specific language governing rights and limitations under the License.
 * The Original Code is Zimbra Open Source Web Client.
 * The Initial Developer of the Original Code is Zimbra, Inc.  All rights to the Original Code were
 * transferred by Zimbra, Inc. to Synacor, Inc. on September 14, 2015.
 *
 * All portions of the code are Copyright (C) 2006, 2007, 2008, 2009, 2010, 2013, 2014, 2016 Synacor, Inc. All Rights Reserved.
 * ***** END LICENSE BLOCK *****
-->
<zimlet name="com_flightexplorer_fasttrack" version="5.0" description="Finds flight status using Flight Explorer FastTrack service">
    <include>com_flightexplorer_fasttrack.js</include>
	<include>FlightStatusDlg.js</include>	
	<resource>permission.txt</resource>
	<resource>ymaps.gif</resource>
	<resource>blank.gif</resource>	
	<resource>na.gif</resource>				
	<resource>partlycloudy.gif</resource>	
	<resource>mostlycloudy.gif</resource>		
	<resource>rain.gif</resource>	
	<resource>overcast.gif</resource>		
	<resource>clear.gif</resource>		
	<resource>thunderstorms.gif</resource>			
	<resource>snow.gif</resource>						
	<resource>ice.gif</resource>						
	<resource>hail.gif</resource>		
	<resource>fog.gif</resource>			
	<resource>dust.gif</resource>				
	<resource>smoke.gif</resource>					
	<resource>haze.gif</resource>	
	<resource>wait.gif</resource>						
	<resource>imgna.gif</resource>						
	<includeCSS>com_flightexplorer_fasttrack.css</includeCSS>	
	<handlerObject>Com_Flightexplorer_Fasttrack</handlerObject>
	<serverExtension hasKeyword="flight" regex="/((^[A-Z]{1}[0-9]{1})|([\s\n\t\)\(\]\[\}\{.,\-]{1}[A-Z]{1}[0-9]{1})|(^[A-Z]{2,3})|([\s\n\t\)\(\]\[\}\{.,\-]{1}[A-Z]{2,3})|(^[0-9]{1}[A-Z]{2})|([\s\n\t\)\(\]\[\}\{.,\-]{1}[0-9]{1}[A-Z]{2}))(([\s]?[0-9]{1,4}[\s\n\t\)\(\]\[\}\{.,\-]{1})|([\s]?[0-9]{1,4}$))/g"/>
	<contentObject type="flight">
        <matchOn>
            <regex attrs="g">((^[A-Z]{1}[0-9]{1})|(^[A-Z]{2,3})|([\s\n\t\)\(\]\[\}\{.,\-]{1}[A-Z]{2,3})|(^[0-9]{1}[A-Z]{2})|([\s\n\t\)\(\]\[\}\{.,\-]{1}[0-9]{1}[A-Z]{2}))(([\s]?[0-9]{1,4}[\s\n\t\)\(\]\[\}\{.,\-]{1})|([\s]?[0-9]{1,4}$))</regex>
        </matchOn>
        <toolTip>
            Track a flight in real time
        </toolTip>
    </contentObject>

    <zimletPanelItem label="Flight status" icon="Flightstatus-panelIcon" >
        <toolTipText>Click to search flight status</toolTipText>
        <contextMenu>
            <menuItem label="Preferences..." id="PREFERENCES" />
        </contextMenu>
    </zimletPanelItem>

    <userProperties>
        <property type="string" minLength="1" maxLength="256"  name="username" label="Web service username" visible="true" value=""/>
        <property type="string" minLength="1" maxLength="256"  name="password" label="Web service password" visible="true" value=""/>
    </userProperties>
</zimlet>

