<!--
 * ***** BEGIN LICENSE BLOCK *****
 * Zimbra Collaboration Suite Zimlets
 * Copyright (C) 2009, 2010, 2011, 2013, 2014, 2016 Synacor, Inc.
 *
 * The contents of this file are subject to the Common Public Attribution License Version 1.0 (the "License");
 * you may not use this file except in compliance with the License.
 * You may obtain a copy of the License at: https://www.zimbra.com/license
 * The License is based on the Mozilla Public License Version 1.1 but Sections 14 and 15
 * have been added to cover use of software over a computer network and provide for limited attribution
 * for the Original Developer. In addition, Exhibit A has been modified to be consistent with Exhibit B.
 *
 * Software distributed under the License is distributed on an "AS IS" basis,
 * WITHOUT WARRANTY OF ANY KIND, either express or implied.
 * See the License for the specific language governing rights and limitations under the License.
 * The Original Code is Zimbra Open Source Web Client.
 * The Initial Developer of the Original Code is Zimbra, Inc.  All rights to the Original Code were
 * transferred by Zimbra, Inc. to Synacor, Inc. on September 14, 2015.
 *
 * All portions of the code are Copyright (C) 2009, 2010, 2011, 2013, 2014, 2016 Synacor, Inc. All Rights Reserved.
 * ***** END LICENSE BLOCK *****
-->
<zimlet name="com_zimbra_broadsoft" version="1.6" description="Access a BroadSoft Voice system.">
    <include>broadsoft.js</include>
    <include>base64.js</include>
    <includeCSS>broadsoft.css</includeCSS>
    <handlerObject>com_zimbra_broadsoft</handlerObject>
    <contentObject type="phone">
        <matchOn>
            <regex attrs="g">(((\+\d{2}[-\. ]\d{5}[-\. ]?\d{5})|(1\d{10})|(\d{10})|(\b(\d{1}[-. ])?(\(?\d{3}\)?[-. ])?\d{3}[-.]\d{4}\b)|(\(\d{3}\)[-\. ]?\d{7}))(( x| ext)[-#: ]?\d{1,5}){0,1})</regex>
        </matchOn>
    </contentObject>
    <zimletPanelItem label="BroadSoft Voice" icon="Telephone">
        <toolTipText>Access a BroadSoft Voice system.</toolTipText>
		<dragSource type="ZmContact" />
		<dragSource type="ZmMailMsg" />
		<dragSource type="ZmAppt" />    
		<dragSource type="ZmConv" />
	</zimletPanelItem>
	<userProperties>
		<property type="string" name="broadsoft_email" value=""/>
		<property type="string" name="broadsoft_password" value=""/>
		<property type="string" name="broadsoft_server" value=""/>
		<property type="string" name="broadsoft_fromMobilenumber" value=""/>
		<property type="string" name="broadsoft_fromWorknumber" value=""/>
		<property type="string" name="broadsoft_fromHouseNumber" value=""/>
		<property type="string" name="broadsoft_incomingCallsRadio" value="CALL_ANYWHERE"/>
	</userProperties>
</zimlet>
