<!--
 * ***** BEGIN LICENSE BLOCK *****
 * Zimbra Collaboration Suite Zimlets
 * Copyright (C) 2005, 2006, 2007, 2008, 2009, 2010, 2012, 2013, 2014 Zimbra, Inc.
 * 
 * The contents of this file are subject to the Common Public Attribution License Version 1.0 (the "License");
 * you may not use this file except in compliance with the License. 
 * You may obtain a copy of the License at: http://www.zimbra.com/license
 * The License is based on the Mozilla Public License Version 1.1 but Sections 14 and 15 
 * have been added to cover use of software over a computer network and provide for limited attribution 
 * for the Original Developer. In addition, Exhibit A has been modified to be consistent with Exhibit B. 
 * 
 * Software distributed under the License is distributed on an "AS IS" basis, 
 * WITHOUT WARRANTY OF ANY KIND, either express or implied. 
 * See the License for the specific language governing rights and limitations under the License. 
 * The Original Code is Zimbra Open Source Web Client. 
 * The Initial Developer of the Original Code is Zimbra, Inc. 
 * All portions of the code are Copyright (C) 2005, 2006, 2007, 2008, 2009, 2010, 2012, 2013, 2014 Zimbra, Inc. All Rights Reserved. 
 * ***** END LICENSE BLOCK *****
-->
<zimlet name="com_zimbra_bugz"
        version="1.5"
        label="Zimbra Bugzilla"
        target="main view-window"
        description="Highlights, previews and links Zimbra bugzilla entries to http://bugzilla.zimbra.com">
    <include>bugz.js</include>
	<include>templates/Bugz.template.js</include>	
	<handlerObject>com_zimbra_bugz_HandlerObject</handlerObject>
	<contentObject>
		<matchOn>
			<regex attrs="ig">(?:(?:\bbug(?:zilla)?:?\s*#?))(\d+)\b</regex>
		</matchOn>
		<onClick>
			<canvas type="window" props=""/>
			<actionUrl target="http://bugzilla.zimbra.com/show_bug.cgi">
				<param name="id">${src.$1}</param>
			</actionUrl>
		</onClick>
		<toolTip>
		</toolTip>
    </contentObject>
</zimlet>
