<!--
 * ***** BEGIN LICENSE BLOCK *****
 * Zimbra Collaboration Suite Zimlets
 * Copyright (C) 2005, 2006, 2007, 2008, 2009, 2010, 2013, 2014, 2016 Synacor, Inc.
 *
 * The contents of this file are subject to the Common Public Attribution License Version 1.0 (the "License");
 * you may not use this file except in compliance with the License.
 * You may obtain a copy of the License at: https://www.zimbra.com/license
 * The License is based on the Mozilla Public License Version 1.1 but Sections 14 and 15
 * have been added to cover use of software over a computer network and provide for limited attribution
 * for the Original Developer. In addition, Exhibit A has been modified to be consistent with Exhibit B.
 *
 * Software distributed under the License is distributed on an "AS IS" basis,
 * WITHOUT WARRANTY OF ANY KIND, either express or implied.
 * See the License for the specific language governing rights and limitations under the License.
 * The Original Code is Zimbra Open Source Web Client.
 * The Initial Developer of the Original Code is Zimbra, Inc.  All rights to the Original Code were
 * transferred by Zimbra, Inc. to Synacor, Inc. on September 14, 2015.
 *
 * All portions of the code are Copyright (C) 2005, 2006, 2007, 2008, 2009, 2010, 2013, 2014, 2016 Synacor, Inc. All Rights Reserved.
 * ***** END LICENSE BLOCK *****
-->
<zimlet name="com_zimbra_amzn" version="2.1" label="${msg.label}" description="${msg.description}">
    <include>amzn.js</include>
    <includeCSS>amzn.css</includeCSS>
    <resource>amazon.gif</resource>
    <handlerObject>Com_Zimbra_Amazon_HandlerObject</handlerObject>
    <contentObject type="isbn">
        <matchOn>
            <regex attrs="gm">\b\d{10,13}\b|\b\d{9}[\dxX]\b|\b\d{1,5}[- ]\d{1,7}[- ]\d{1,6}[- ][\dxX]\b|\b\d{3}[-]\d{1,7}[- ]\d{1,7}[- ]\d{1,7}[- ]\d\b|\b\d{3}[- ]\d{10}\b</regex>
        </matchOn>
    </contentObject>
    <zimletPanelItem label="${msg.AmazonZimlet_label}" icon="AMZN-panelIcon">
        <toolTipText>${msg.AmazonZimlet_tooltip}</toolTipText>
        <contextMenu>
            <menuItem label="${msg.AmazonZimlet_visit}" id="WWW.AMAZON.COM" icon="AMZN-panelIcon">
                <canvas type="window" width="800" height="600" />
                <actionUrl target="http://amazon.com">
                    <param name="referrer">www.zimbra.com</param>
                </actionUrl>
            </menuItem>
        </contextMenu>
    </zimletPanelItem>
</zimlet>
