<!--
 * ***** BEGIN LICENSE BLOCK *****
 * Zimbra Collaboration Suite Zimlets
 * Copyright (C) 2007, 2008, 2009, 2010, 2013, 2014 Zimbra, Inc.
 * 
 * The contents of this file are subject to the Common Public Attribution License Version 1.0 (the "License");
 * you may not use this file except in compliance with the License. 
 * You may obtain a copy of the License at: http://www.zimbra.com/license
 * The License is based on the Mozilla Public License Version 1.1 but Sections 14 and 15 
 * have been added to cover use of software over a computer network and provide for limited attribution 
 * for the Original Developer. In addition, Exhibit A has been modified to be consistent with Exhibit B. 
 * 
 * Software distributed under the License is distributed on an "AS IS" basis, 
 * WITHOUT WARRANTY OF ANY KIND, either express or implied. 
 * See the License for the specific language governing rights and limitations under the License. 
 * The Original Code is Zimbra Open Source Web Client. 
 * The Initial Developer of the Original Code is Zimbra, Inc. 
 * All portions of the code are Copyright (C) 2007, 2008, 2009, 2010, 2013, 2014 Zimbra, Inc. All Rights Reserved. 
 * ***** END LICENSE BLOCK *****
-->
<zimlet name="com_zimbra_local"
        version="3.1"
        label="${msg.label}"
        description="${msg.description}">
	<include>local.js</include>
    <include>yahoomaps.js</include>
    <include>upcoming.js</include>
    <include>YLocalDialog.js</include>

	<includeCSS>yahoomaps.css</includeCSS>
    <includeCSS>local.css</includeCSS>

	<handlerObject>Com_Zimbra_Local</handlerObject>

	<zimletPanelItem label="Yahoo! Local" icon="YLogo">
		<toolTipText>${msg.panelTooltip}</toolTipText>
		<contextMenu>
			<menuItem label="${msg.menuItemSearch}" id="SEARCH" />
			<menuItem label="${msg.menuItemSearchAddress}" id="SEARCH_ADDR" />
			<menuItem label="${msg.menuItemTraffic}" id="TRAFFIC" />
			<menuItem label="${msg.menuItemUpcoming}" id="UPCOMING"/>
			<menuItem label="${msg.menuItemMyLocation}" id="MY_LOCATION" />
			<menuItem label="${msg.menuItemChangeLocation}" id="MANUAL_LOCAION"/>
			<menuItem label="${msg.menuItemChangeLocationByZip}" id="MANULA_LOCATION_ZIP"/>
			<menuItem label="${msg.menuItemPreferences}" id="PREFERENCES"/>
		</contextMenu>
	</zimletPanelItem>

	<userProperties>
		<property type="string" name="latitude" maxLength="32" label="${msg.latitude}" />
		<property type="string" name="longitude" maxLength="32" label="${msg.longitude}" />
		<property type="boolean" name="manuallocation" label="${msg.manualLocation}"/>
	</userProperties>
</zimlet>
