<!--
 * ***** BEGIN LICENSE BLOCK *****
 * Zimbra Collaboration Suite Zimlets
 * Copyright (C) 2008, 2009, 2010, 2013, 2014, 2016 Synacor, Inc.
 *
 * The contents of this file are subject to the Common Public Attribution License Version 1.0 (the "License");
 * you may not use this file except in compliance with the License.
 * You may obtain a copy of the License at: https://www.zimbra.com/license
 * The License is based on the Mozilla Public License Version 1.1 but Sections 14 and 15
 * have been added to cover use of software over a computer network and provide for limited attribution
 * for the Original Developer. In addition, Exhibit A has been modified to be consistent with Exhibit B.
 *
 * Software distributed under the License is distributed on an "AS IS" basis,
 * WITHOUT WARRANTY OF ANY KIND, either express or implied.
 * See the License for the specific language governing rights and limitations under the License.
 * The Original Code is Zimbra Open Source Web Client.
 * The Initial Developer of the Original Code is Zimbra, Inc.  All rights to the Original Code were
 * transferred by Zimbra, Inc. to Synacor, Inc. on September 14, 2015.
 *
 * All portions of the code are Copyright (C) 2008, 2009, 2010, 2013, 2014, 2016 Synacor, Inc. All Rights Reserved.
 * ***** END LICENSE BLOCK *****
-->
<zimlet name="com_zimbra_ysearch"
        version="1.1"
        label="${msg.label}"
        description="${msg.description}">
    <include>ysearch.js</include>
    <include>yahoosearch.js</include>
    <includeCSS>ysearch.css</includeCSS>
    <includeCSS>yahoosearch.css</includeCSS>
    <resource>ylogo.gif</resource>
    <handlerObject>Com_Zimbra_Ysearch</handlerObject>

    <zimletPanelItem label="Yahoo! Search" icon="YLogo">
        <toolTipText>Perform a search using Yahoo!</toolTipText>
        <contextMenu>
            <menuItem label="Preferences..." id="prefs"/>
        </contextMenu>
    </zimletPanelItem>

    <userProperties>
        <property type="boolean" name="autocomplete" label="Autocomplete Search Results" value="true"/>
        <property type="boolean" name="pane" label="Display Search Results in Zimbra Window" value="true"/>
        <property type="boolean" name="tab" label="Display Search Tab (if in Zimbra window)" value="true"/>
        <property type="boolean" name="nav" label="Display Back &amp; Forward Buttons in Search Tab (will not always work correctly)" value="false"/>
    </userProperties>
</zimlet>
