<!--
 * ***** BEGIN LICENSE BLOCK *****
 * Zimbra Collaboration Suite Zimlets
 * Copyright (C) 2006, 2007, 2008, 2009, 2010, 2011, 2012, 2013, 2014, 2015, 2016 Synacor, Inc.
 *
 * The contents of this file are subject to the Common Public Attribution License Version 1.0 (the "License");
 * you may not use this file except in compliance with the License.
 * You may obtain a copy of the License at: https://www.zimbra.com/license
 * The License is based on the Mozilla Public License Version 1.1 but Sections 14 and 15
 * have been added to cover use of software over a computer network and provide for limited attribution
 * for the Original Developer. In addition, Exhibit A has been modified to be consistent with Exhibit B.
 *
 * Software distributed under the License is distributed on an "AS IS" basis,
 * WITHOUT WARRANTY OF ANY KIND, either express or implied.
 * See the License for the specific language governing rights and limitations under the License.
 * The Original Code is Zimbra Open Source Web Client.
 * The Initial Developer of the Original Code is Zimbra, Inc.  All rights to the Original Code were
 * transferred by Zimbra, Inc. to Synacor, Inc. on September 14, 2015.
 *
 * All portions of the code are Copyright (C) 2006, 2007, 2008, 2009, 2010, 2011, 2012, 2013, 2014, 2015, 2016 Synacor, Inc. All Rights Reserved.
 * ***** END LICENSE BLOCK *****
-->
<zimletConfig name="com_zimbra_url" version="2.7">
    <global>
        <property name="ZIMLET_CONFIG_REGEX_VALUE">(((telnet|cid):)|((https?|mailto|notes|smb|ftp|gopher|news|tel|callto|webcal|feed|file):\/\/)|(www\.[\w\.\_\-]+))[^\s\xA0\&lt;\>\[\]\{\}\'\"]*</property>
        <property name="ZIMLET_UNC_REGEX_VALUE">\s*\\\\[\w\.\-]+(\\[\w\.\- ]+)+\s*</property>
        <property name="stripUrls">false</property>

        <!-- Disable Preview of any kind. Allowed values (true|false)-->
        <property name="disablePreview">true</property>
        <!-- Disable UNC links like \\server1\folder1\file1.doc etc. -->
        <property name="supportUNC">true</property>
        <property name="youtubePreview">true</property>
        <!-- for Alexa Thumbnails, for registered users, uncomment and fill these values with Alexa ID and Key -->
        <!--
                <property name="alexaThumbnailId"></property>
                <property name="alexaThumbnailKey"></property>
                <property name="allowedDomains">ast.amazonaws.com</property>
        -->
    </global>
</zimletConfig>
