<!--
 * ***** BEGIN LICENSE BLOCK *****
 * Zimbra Collaboration Suite Zimlets
 * Copyright (C) 2009, 2010, 2011, 2013, 2014 Zimbra, Inc.
 * 
 * The contents of this file are subject to the Common Public Attribution License Version 1.0 (the "License");
 * you may not use this file except in compliance with the License. 
 * You may obtain a copy of the License at: http://www.zimbra.com/license
 * The License is based on the Mozilla Public License Version 1.1 but Sections 14 and 15 
 * have been added to cover use of software over a computer network and provide for limited attribution 
 * for the Original Developer. In addition, Exhibit A has been modified to be consistent with Exhibit B. 
 * 
 * Software distributed under the License is distributed on an "AS IS" basis, 
 * WITHOUT WARRANTY OF ANY KIND, either express or implied. 
 * See the License for the specific language governing rights and limitations under the License. 
 * The Original Code is Zimbra Open Source Web Client. 
 * The Initial Developer of the Original Code is Zimbra, Inc. 
 * All portions of the code are Copyright (C) 2009, 2010, 2011, 2013, 2014 Zimbra, Inc. All Rights Reserved. 
 * ***** END LICENSE BLOCK *****
-->
<zimlet name="com_zimbra_email2doc"
        version="1.6"
        label="${msg.label}"
        description="${msg.description}">
    <include>email2doc.js</include>
    <includeCSS>email2doc.css</includeCSS>
    <resource>email2doc-icon.png</resource>
    <handlerObject>com_zimbra_email2doc_HandlerObject</handlerObject>

    <zimletPanelItem label="${msg.Email2DocZimlet_panel_label}" icon="email2doc-panelIcon">
        <toolTipText>${msg.Email2DocZimlet_panel_tooltip}</toolTipText>
        <dragSource type="ZmConv" />
        <dragSource type="ZmMailMsg" />
    </zimletPanelItem>
</zimlet>
