<!--
 * ***** BEGIN LICENSE BLOCK *****
 * Zimbra Collaboration Suite Zimlets
 * Copyright (C) 2006, 2007, 2009, 2013, 2014 Zimbra, Inc.
 * 
 * The contents of this file are subject to the Common Public Attribution License Version 1.0 (the "License");
 * you may not use this file except in compliance with the License. 
 * You may obtain a copy of the License at: http://www.zimbra.com/license
 * The License is based on the Mozilla Public License Version 1.1 but Sections 14 and 15 
 * have been added to cover use of software over a computer network and provide for limited attribution 
 * for the Original Developer. In addition, Exhibit A has been modified to be consistent with Exhibit B. 
 * 
 * Software distributed under the License is distributed on an "AS IS" basis, 
 * WITHOUT WARRANTY OF ANY KIND, either express or implied. 
 * See the License for the specific language governing rights and limitations under the License. 
 * The Original Code is Zimbra Open Source Web Client. 
 * The Initial Developer of the Original Code is Zimbra, Inc. 
 * All portions of the code are Copyright (C) 2006, 2007, 2009, 2013, 2014 Zimbra, Inc. All Rights Reserved. 
 * ***** END LICENSE BLOCK *****
-->
<zimlet name="com_zimbra_xslt"
        version="1.3"
        description="XSLT based query Zimlet.">
    <include>com_zimbra_xslt.js</include>

    <include>amazon/amazon.js</include>
    <resource>amazon/amazon.xsl</resource>
    <resource>amazon/a.jpg</resource>
    <includeCSS>amazon/amazon.css</includeCSS>

    <include>google/google.js</include>
    <resource>google/google.xsl</resource>
    <resource>google/g.gif</resource>
    <includeCSS>google/google.css</includeCSS>

    <include>yahoo/yahoo.js</include>
    <resource>yahoo/yahoo.xsl</resource>
    <include>yahoo/yahoolocal.js</include>
    <resource>yahoo/yahoolocal.xsl</resource>
    <resource>yahoo/y.gif</resource>
    <includeCSS>yahoo/yahoo.css</includeCSS>

    <include>wiki/wiki.js</include>
    <resource>wiki/mediawiki.xsl</resource>
    <resource>wiki/w.jpg</resource>
    <includeCSS>wiki/wiki.css</includeCSS>

    <handlerObject>Com_Zimbra_Xslt</handlerObject>
    <zimletPanelItem label="XSLT-based Search Zimlet"/>
</zimlet>
