<!--
 * ***** BEGIN LICENSE BLOCK *****
 * Zimbra Collaboration Suite Zimlets
 * Copyright (C) 2006, 2007, 2013, 2014 Zimbra, Inc.
 * 
 * The contents of this file are subject to the Common Public Attribution License Version 1.0 (the "License");
 * you may not use this file except in compliance with the License. 
 * You may obtain a copy of the License at: http://www.zimbra.com/license
 * The License is based on the Mozilla Public License Version 1.1 but Sections 14 and 15 
 * have been added to cover use of software over a computer network and provide for limited attribution 
 * for the Original Developer. In addition, Exhibit A has been modified to be consistent with Exhibit B. 
 * 
 * Software distributed under the License is distributed on an "AS IS" basis, 
 * WITHOUT WARRANTY OF ANY KIND, either express or implied. 
 * See the License for the specific language governing rights and limitations under the License. 
 * The Original Code is Zimbra Open Source Web Client. 
 * The Initial Developer of the Original Code is Zimbra, Inc. 
 * All portions of the code are Copyright (C) 2006, 2007, 2013, 2014 Zimbra, Inc. All Rights Reserved. 
 * ***** END LICENSE BLOCK *****
-->
<zimletConfig name="com_zimbra_xslt" version="1.1">
    <global>
        <property name="allowedDomains">*.yahoo.com,*.google.com,*.amazon.com,*.wikipedia.org,*.wiktionary.org</property>
        <property name="yhooSearchUrl">http://api.search.yahoo.com/WebSearchService/V1/webSearch</property>
        <property name="yhooLocalUrl">http://api.local.yahoo.com/LocalSearchService/V1/localSearch</property>
        <property name="googUrl">http://api.google.com/search/beta2</property>
        <property name="amznUrl">http://webservices.amazon.com/onca/xml</property>
        <property name="wikipediaUrl">http://en.wikipedia.org/wiki/</property>
        <property name="wiktionaryUrl">http://en.wiktionary.org/wiki/</property>
        <property name="googleKey">ifPB8JNQFHIcFly3fJWKEqZ7MPOj7lur</property>
        <property name="amazonKey">1NFJ1VN7R5TH46K10GR2</property>
        <property name="zipcode">94404</property>
        <property name="ywsAppId">zimbra</property>
        <property name="numResults">20</property>
    </global>
</zimletConfig>
