<!--
 * ***** BEGIN LICENSE BLOCK *****
 * Zimbra Collaboration Suite Zimlets
 * Copyright (C) 2007, 2008, 2009, 2013, 2014, 2016 Synacor, Inc.
 *
 * The contents of this file are subject to the Common Public Attribution License Version 1.0 (the "License");
 * you may not use this file except in compliance with the License.
 * You may obtain a copy of the License at: https://www.zimbra.com/license
 * The License is based on the Mozilla Public License Version 1.1 but Sections 14 and 15
 * have been added to cover use of software over a computer network and provide for limited attribution
 * for the Original Developer. In addition, Exhibit A has been modified to be consistent with Exhibit B.
 *
 * Software distributed under the License is distributed on an "AS IS" basis,
 * WITHOUT WARRANTY OF ANY KIND, either express or implied.
 * See the License for the specific language governing rights and limitations under the License.
 * The Original Code is Zimbra Open Source Web Client.
 * The Initial Developer of the Original Code is Zimbra, Inc.  All rights to the Original Code were
 * transferred by Zimbra, Inc. to Synacor, Inc. on September 14, 2015.
 *
 * All portions of the code are Copyright (C) 2007, 2008, 2009, 2013, 2014, 2016 Synacor, Inc. All Rights Reserved.
 * ***** END LICENSE BLOCK *****
-->
<zimlet name="com_zimbra_edu" version="1.5" description="Helps view and manage courses.">
	<include>com_zimbra_edu.js</include>
	<includeCSS>edu.css</includeCSS>
	<handlerObject>Com_Zimbra_Edu</handlerObject>
	<serverExtension hasKeyword="edu" regex="ZEDU\-\w+\-\w+"/>

	<contentObject type="course">
		<matchOn>
			<regex attrs="g">\bZEDU\-\w+\-\w+\b</regex>
		</matchOn>
		<onClick>
			<canvas type="window" title="Sample Full Course Description" width="800" height="600"/>
			<actionUrl target="/service/zimlet/com_zimbra_edu/edu.jsp"/>
		</onClick>
		<contextMenu>
			<menuItem label="Enroll" id="ENROLL" icon="Check-Icon"/>
			<menuItem label="Drop" id="DROP" icon="Cancel-Icon"/>
			<menuItem />
			<menuItem label="View Details" id="SHOWFULL_ITEM" icon="ViewFull-Icon">
				<canvas type="window" title="Sample Full Course Description" width="800" height="600"/>
				<actionUrl target="/service/zimlet/com_zimbra_edu/edu.jsp"/>
			</menuItem>
		</contextMenu>
	</contentObject>
	<zimletPanelItem label="Z-EDU Manager" icon="Pencil-Icon">
		<toolTipText>Help view and manage courses. Right-click for options.</toolTipText>
		<contextMenu>
			<menuItem label="My Courses" id="COURSES" />
 		   	<menuItem label="Transcript" id="TRANSCRIPT" />
   		   	<menuItem label="Add to Calendar" id="ADD_TO_CALENDAR" />
   		  	<menuItem label="Classmates" id="CLASSMATES" />
			<menuItem />
			<menuItem label="Course Manager" id="COURSE_MANAGER" />
			<menuItem label="Student Manager" id="STUDENT_MANAGER" />
		</contextMenu>
  </zimletPanelItem>
</zimlet>