<!--
 * ***** BEGIN LICENSE BLOCK *****
 * Zimbra Collaboration Suite Zimlets
 * Copyright (C) 2005, 2006, 2007, 2008, 2009, 2010, 2013, 2014 Zimbra, Inc.
 * 
 * The contents of this file are subject to the Common Public Attribution License Version 1.0 (the "License");
 * you may not use this file except in compliance with the License. 
 * You may obtain a copy of the License at: http://www.zimbra.com/license
 * The License is based on the Mozilla Public License Version 1.1 but Sections 14 and 15 
 * have been added to cover use of software over a computer network and provide for limited attribution 
 * for the Original Developer. In addition, Exhibit A has been modified to be consistent with Exhibit B. 
 * 
 * Software distributed under the License is distributed on an "AS IS" basis, 
 * WITHOUT WARRANTY OF ANY KIND, either express or implied. 
 * See the License for the specific language governing rights and limitations under the License. 
 * The Original Code is Zimbra Open Source Web Client. 
 * The Initial Developer of the Original Code is Zimbra, Inc. 
 * All portions of the code are Copyright (C) 2005, 2006, 2007, 2008, 2009, 2010, 2013, 2014 Zimbra, Inc. All Rights Reserved. 
 * ***** END LICENSE BLOCK *****
-->
<zimlet name="com_zimbra_ymaps"
        version="1.7"
        label="${msg.label}"
        description="${msg.description}">
    <include>ymaps.js</include>
    <includeCSS>ymaps.css</includeCSS>
    <resource>blank_pixel.gif</resource>
    <resource>ymaps.gif</resource>
    <handlerObject>com_zimbra_ymaps_HandlerObject</handlerObject>
    <contentObject type="address">
        <matchOn>
            <regex attrs="igm">\b\d+[A-Za-z]?[ ]+([ewns]\.?[ ]+)?[A-Za-z0-9]+([ ]+[A-Za-z0-9]+)*[\s,\.](\s*(\#|[A-Za-z]+[,\.]?)[ ]*\d+[\s,\.])?\s*[A-Za-z]+([ ]+[A-Za-z]+)*[ ,][ ]*[A-Za-z]{2}([A-Za-z]+([ ][A-Za-z]+)?)?[ ]+\d{5}(-\d{4})?\b</regex>
        </matchOn>
        <!--<onClick>
            <canvas type="window" />
            <actionUrl target="http://maps.yahoo.com/maps_result">
                <param name="addr">${escape(src.objectContent.replace("\n",""))}</param>
            </actionUrl>
        </onClick>-->
    </contentObject>
    <zimletPanelItem label="${msg.YMapsZimlet_panel_label}" icon="YMAPS-panelIcon">
        <toolTipText>${msg.YMapsZimlet_panel_tooltip}</toolTipText>
        <dragSource type="ZmContact">
            <canvas type="window" width="800" height="600" />
            <actionUrl target="http://maps.yahoo.com/maps_result">
                <param name="addr">${obj.workStreet}</param>
                <param name="csz">${obj.workPostalCode}</param>
            </actionUrl>
        </dragSource>
        <contextMenu>
            <menuItem label="${msg.YMapsZimlet_panel_menu_visitYahooMaps}" id="MAPS.YAHOO.COM" icon="YMAPS-panelIcon">
                <canvas type="window" width="800" height="600" />
                <actionUrl target="http://maps.yahoo.com">
                    <param name="referrer">www.zimbra.com</param>
                </actionUrl>
            </menuItem>
        </contextMenu>
    </zimletPanelItem>
</zimlet>
