<!--
 * ***** BEGIN LICENSE BLOCK *****
 * Zimbra Collaboration Suite Zimlets
 * Copyright (C) 2006, 2007, 2013, 2014 Zimbra, Inc.
 * 
 * The contents of this file are subject to the Common Public Attribution License Version 1.0 (the "License");
 * you may not use this file except in compliance with the License. 
 * You may obtain a copy of the License at: http://www.zimbra.com/license
 * The License is based on the Mozilla Public License Version 1.1 but Sections 14 and 15 
 * have been added to cover use of software over a computer network and provide for limited attribution 
 * for the Original Developer. In addition, Exhibit A has been modified to be consistent with Exhibit B. 
 * 
 * Software distributed under the License is distributed on an "AS IS" basis, 
 * WITHOUT WARRANTY OF ANY KIND, either express or implied. 
 * See the License for the specific language governing rights and limitations under the License. 
 * The Original Code is Zimbra Open Source Web Client. 
 * The Initial Developer of the Original Code is Zimbra, Inc. 
 * All portions of the code are Copyright (C) 2006, 2007, 2013, 2014 Zimbra, Inc. All Rights Reserved. 
 * ***** END LICENSE BLOCK *****
-->
<zimletConfig name="com_zimbra_search" version="1.0">
    <global>

        <property name="google-account">pub-8230960882754720</property>

        <property name="google-search-code"><![CDATA[
        <!-- Search Google -->
        <form method="get" action="http://www.google.com/custom" target="_blank">
        <input type="text" name="q" size="31" value="${prop.query}"></input>
        <input type="hidden" name="sa" value="Google Search"></input>
        <input type="hidden" name="client" value="${prop.acct}"></input>
        <input type="hidden" name="channel" value="7833156184"></input>
        <input type="hidden" name="forid" value="1"></input>
        <input type="hidden" name="ie" value="ISO-8859-1"></input>
        <input type="hidden" name="oe" value="ISO-8859-1"></input>
        <input type="hidden" name="cof" value="GALT:008000;GL:1;DIV:336699;VLC:663399;AH:center;BGC:FFFFFF;LBGC:336699;ALC:0000FF;LC:0000FF;T:000000;GFNT:0000FF;GIMP:0000FF;FORID:1"></input>
        <input type="hidden" name="hl" value="en"></input>
        </form>
        <!-- Search Google -->
        ]]></property>

        <property name="wikipedia-search-code"><![CDATA[
        <form action="http://en.wikipedia.org/wiki/Special:Search" target="_blank">
        <input name="search" value="${prop.query}" type="text">
        <input name="go" value="Go" type="hidden">
        </form>
        ]]></property>

        <property name="yahoo-search-code"><![CDATA[
        <!-- generated at http://builder.search.yahoo.com/, then cleaned up -->
        <form method="get" action="http://search.yahoo.com/search" target="_blank">
        <input name="fr" value="zim-maila" type="hidden" />
        <input type="text" name="p" value="${prop.query}" />
        </form>
        ]]></property>

    </global>
</zimletConfig>
