<!--
 * ***** BEGIN LICENSE BLOCK *****
 * Zimbra Collaboration Suite Zimlets
 * Copyright (C) 2010, 2013, 2014 Zimbra, Inc.
 * 
 * The contents of this file are subject to the Common Public Attribution License Version 1.0 (the "License");
 * you may not use this file except in compliance with the License. 
 * You may obtain a copy of the License at: http://www.zimbra.com/license
 * The License is based on the Mozilla Public License Version 1.1 but Sections 14 and 15 
 * have been added to cover use of software over a computer network and provide for limited attribution 
 * for the Original Developer. In addition, Exhibit A has been modified to be consistent with Exhibit B. 
 * 
 * Software distributed under the License is distributed on an "AS IS" basis, 
 * WITHOUT WARRANTY OF ANY KIND, either express or implied. 
 * See the License for the specific language governing rights and limitations under the License. 
 * The Original Code is Zimbra Open Source Web Client. 
 * The Initial Developer of the Original Code is Zimbra, Inc. 
 * All portions of the code are Copyright (C) 2010, 2013, 2014 Zimbra, Inc. All Rights Reserved. 
 * ***** END LICENSE BLOCK *****
-->
<zimlet name="com_zimbra_example_menuitemsxml"
        version="1.0"
        description="Demos menu item with actions in XML">
	<contentObject>
		<matchOn>
			<regex attrs="ig">lab|user|remodel</regex> <!-- matches lab or user or remodel -->
		</matchOn>
		<toolTip>Menu Items Example</toolTip> <!-- the tool tip to display when content matches -->
		<contextMenu>
			<menuItem label="First Context Menu Item - Go to Yahoo!" icon="Search" id="SOME_ID1">
				<canvas type="window" width="800" height="600" />
				<actionUrl target="http://www.yahoo.com" method="get" />
			</menuItem>
			<menuItem label="Second Context Menu Item - Go to Yahoo! Sports" icon="NewContact" id="SOME_ID2">
				<canvas type="window" width="800" height="600" />
				<actionUrl target="http://sports.yahoo.com" method="get" />
			</menuItem>
		</contextMenu>
	</contentObject>
</zimlet>
