<!--
 * ***** BEGIN LICENSE BLOCK *****
 * Zimbra Collaboration Suite Zimlets
 * Copyright (C) 2006, 2007, 2008, 2009, 2010, 2013, 2014 Zimbra, Inc.
 * 
 * The contents of this file are subject to the Common Public Attribution License Version 1.0 (the "License");
 * you may not use this file except in compliance with the License. 
 * You may obtain a copy of the License at: http://www.zimbra.com/license
 * The License is based on the Mozilla Public License Version 1.1 but Sections 14 and 15 
 * have been added to cover use of software over a computer network and provide for limited attribution 
 * for the Original Developer. In addition, Exhibit A has been modified to be consistent with Exhibit B. 
 * 
 * Software distributed under the License is distributed on an "AS IS" basis, 
 * WITHOUT WARRANTY OF ANY KIND, either express or implied. 
 * See the License for the specific language governing rights and limitations under the License. 
 * The Original Code is Zimbra Open Source Web Client. 
 * The Initial Developer of the Original Code is Zimbra, Inc. 
 * All portions of the code are Copyright (C) 2006, 2007, 2008, 2009, 2010, 2013, 2014 Zimbra, Inc. All Rights Reserved. 
 * ***** END LICENSE BLOCK *****
-->
<zimlet name="com_zimbra_evite"
        version="1.5"
        label="${msg.label}"
        description="${msg.description}">
    <include>evite.js</include>
    <includeCSS>evite.css</includeCSS>
    <handlerObject>Com_Zimbra_Evite_HandlerObject</handlerObject>
    <zimletPanelItem label="${msg.EviteZimlet_label}" icon="Evite-panelIcon">
        <toolTipText>${msg.EviteZimlet_panelTooltip}</toolTipText>
        <contextMenu>
            <menuItem label="${msg.EviteZimlet_syncWithEvite}" id="sync" icon="Refresh"/>
            <menuItem label="${msg.EviteZimlet_Preferences}" id="pref" icon="Preferences"/>
            <menuItem />
            <menuItem label="${msg.EviteZimlet_MyEvite}" id="myevite" icon="Evite-panelIcon">
                <canvas type="window" width="800" height="600" />
                <actionUrl target="http://www.evite.com/pages/myevite/myEvite.jsp" />
            </menuItem>
        </contextMenu>
    </zimletPanelItem>
    <userProperties>
        <property type="string" name="user" minLength="4" maxLength="32" label="${msg.EviteZimlet_UserId}" />
        <property type="password" name="passwd" minLength="4" maxLength="32" label="${msg.EviteZimlet_Password}" />
    </userProperties>
</zimlet>
