<!--
 * ***** BEGIN LICENSE BLOCK *****
 * Zimbra Collaboration Suite Zimlets
 * Copyright (C) 2009, 2010, 2011, 2013, 2014, 2016 Synacor, Inc.
 *
 * The contents of this file are subject to the Common Public Attribution License Version 1.0 (the "License");
 * you may not use this file except in compliance with the License.
 * You may obtain a copy of the License at: https://www.zimbra.com/license
 * The License is based on the Mozilla Public License Version 1.1 but Sections 14 and 15
 * have been added to cover use of software over a computer network and provide for limited attribution
 * for the Original Developer. In addition, Exhibit A has been modified to be consistent with Exhibit B.
 *
 * Software distributed under the License is distributed on an "AS IS" basis,
 * WITHOUT WARRANTY OF ANY KIND, either express or implied.
 * See the License for the specific language governing rights and limitations under the License.
 * The Original Code is Zimbra Open Source Web Client.
 * The Initial Developer of the Original Code is Zimbra, Inc.  All rights to the Original Code were
 * transferred by Zimbra, Inc. to Synacor, Inc. on September 14, 2015.
 *
 * All portions of the code are Copyright (C) 2009, 2010, 2011, 2013, 2014, 2016 Synacor, Inc. All Rights Reserved.
 * ***** END LICENSE BLOCK *****
-->
<zimlet name="com_zimbra_social"
        version="3.7"
        label="${msg.label}"
        description="${msg.description}">
    <include>socialTwitter.js</include>
    <include>socialFacebook.js</include>
    <include>socialTweetMeme.js</include>
    <include>socialPreferences.js</include>
    <include>socialDigg.js</include>
    <include>socialMiniDlg.js</include>
    <include>socialOAuth.js</include>
    <include>social.js</include>
    <include>SocialcastAddAccountDlg.js</include>
    <include>socialcast.js</include>
    <include>base64.js</include>
    <include>json2.js</include>
    <include>templates/Social.template.js</include>
    <include>templates/OAuth.template.js</include>

    <includeCSS>social.css</includeCSS>
    <resource>social-icon.png</resource>
    <handlerObject>com_zimbra_social_handlerObject</handlerObject>

    <userProperties>
        <property type="string" name="social_pref_tweetmemePopularIsOn" value="false"/>
        <property type="string" name="social_pref_trendsPopularIsOn" value="true"/>
        <property type="string" name="social_pref_diggPopularIsOn" value="true"/>
        <property type="string" name="social_pref_SocialMailUpdateOn" value="true"/>
        <property type="string" name="social_pref_dontShowWelcomeScreenOn" value="false"/>
        <property type="string" name="social_pref_showTweetAlertsOn" value="true"/>
        <property type="string" name="social_pref_cardWidthList" value="400px"/>
        <property type="string" name="social_pref_autoShortenURLOn" value="true"/>
        <property type="string" name="social_pref_socializeBtnOn" value="false"/>
        <property type="string" name="social_pref_numberofTweetsToReturn" value="50"/>
        <property type="string" name="social_pref_numberofTweetsSearchesToReturn" value="50"/>
    </userProperties>
</zimlet>
