<!--
 * ***** BEGIN LICENSE BLOCK *****
 * Zimbra Collaboration Suite Zimlets
 * Copyright (C) 2009, 2010, 2011, 2013, 2014 Zimbra, Inc.
 * 
 * The contents of this file are subject to the Common Public Attribution License Version 1.0 (the "License");
 * you may not use this file except in compliance with the License. 
 * You may obtain a copy of the License at: http://www.zimbra.com/license
 * The License is based on the Mozilla Public License Version 1.1 but Sections 14 and 15 
 * have been added to cover use of software over a computer network and provide for limited attribution 
 * for the Original Developer. In addition, Exhibit A has been modified to be consistent with Exhibit B. 
 * 
 * Software distributed under the License is distributed on an "AS IS" basis, 
 * WITHOUT WARRANTY OF ANY KIND, either express or implied. 
 * See the License for the specific language governing rights and limitations under the License. 
 * The Original Code is Zimbra Open Source Web Client. 
 * The Initial Developer of the Original Code is Zimbra, Inc. 
 * All portions of the code are Copyright (C) 2009, 2010, 2011, 2013, 2014 Zimbra, Inc. All Rights Reserved. 
 * ***** END LICENSE BLOCK *****
-->
<zimletConfig name="com_zimbra_social" version="3.6">
    <global>
        <property name="allowedDomains">zimbraoauth2support.cloudfoundry.com,twitter.com,*.twitter.com,*.facebook.com,*.tweetmeme.com,api.tr.im,*.digg.com,api.bit.ly,*.socialcast.com</property>
        <property name="social_facebook_app_id">YOUR_FACEBOOK_APP_ID</property>
        <property name="social_facebook_app_secret">YOUR_FACEBOOK_APP_SECRET</property>
        <!--
        <property name="hasSensitiveData">true</property>
          Set hasSensitiveData to true to disable this Zimlet when Zimbra Web Client is used in http mode.
            PS:
            - This property is ignored in Zimbra Desktop and in localhost
            - Supported from Zimbra 7.1.3 onwards
        -->
        <property name="hasSensitiveData">true</property>
    </global>
</zimletConfig>